titulo,preco,link,marketplace,brand,model,size,medida,aro,termo_busca,categoria,marca,marca_filho,local,vendedor,condicao,frete_gratis,data_coleta,caracteristicas
Pneu Dynamo Aro 16 MH01 195/60R16 89V,329.9,https://www.pneustore.com.br/categorias/pneus-de-carro/pneus-195-60r16/produto/pneu-dynamo-aro-16-mh01-195-60r16-89v-16001618,pneustore,,,195/60R16,195-60-r16,16,pneu 207 8 r15 Dyna S526,,,,,,,False,2025-08-24 17:16:54,{}
Pneu Speedmax Aro 20 DSU02 275/35R20 102Y XL,869.9,https://www.pneustore.com.br/categorias/marcas/pneus-speedmax/produto/pneu-speedmax-aro-20-dsu02-275-35r20-102y-xl-16002463,pneustore,,,275/35R20,275-35-r20,20,pneu 207 8 r15 Dyna S526,,,,,,,False,2025-08-24 17:16:55,{}
Pneu Continental Aro 20 SportContact 6 275/35R20 (102Y) XL,1999.9,https://www.pneustore.com.br/categorias/pneus-de-carro/pneus-275-35r20/produto/pneu-continental-aro-20-sportcontact-6-275-35r20-%28102y%29-xl-16000636,pneustore,continental,20 sportcontact,275/35R20,275-35-r20,20,pneu 207 8 r15 Dyna S526,,continental,20 Sportcontact,,,,False,2025-08-24 17:16:56,{}
Pneu Continental Aro 20 ContiSportContact 5P MO 275/35R20 102Y XL,2099.9,https://www.pneustore.com.br/categorias/pneus-de-carro/pneus-275-35r20/produto/pneu-continental-aro-20-contisportcontact-5p-mo-275-35r20-102y-xl-16000638,pneustore,continental,20 contisportcontact,275/35R20,275-35-r20,20,pneu 207 8 r15 Dyna S526,,continental,20 Contisportcontact,,,,False,2025-08-24 17:16:59,{}
Pneu Continental Aro 20 ContiSportContact 3 J 275/35R20 102Y XL,2099.9,https://www.pneustore.com.br/categorias/pneus-de-carro/pneus-275-35r20/produto/pneu-continental-aro-20-contisportcontact-3-j-275-35r20-102y-xl-16000637,pneustore,continental,20 contisportcontact,275/35R20,275-35-r20,20,pneu 207 8 r15 Dyna S526,,continental,20 Contisportcontact,,,,False,2025-08-24 17:17:00,{}
Pneu Goodyear Aro 20 Excellence * 275/35R20 102Y XL Run Flat,3119.9,https://www.pneustore.com.br/categorias/pneus-de-carro/pneus-275-35r20/produto/pneu-goodyear-aro-20-excellence-275-35r20-102y-xl-run-flat-16005683,pneustore,goodyear,20 excellence,275/35R20,275-35-r20,20,pneu 207 8 r15 Dyna S526,,goodyear,20 Excellence,,,,False,2025-08-24 17:17:01,{}
Pneu Goodyear Aro 20 Eagle F1 SuperSport R N0 275/35R20 (102Y),3079.9,https://www.pneustore.com.br/categorias/pneus-de-carro/pneus-275-35r20/produto/pneu-goodyear-aro-20-eagle-f1-supersport-r-n0-275-35r20-%28102y%29-16009303,pneustore,goodyear,eagle,275/35R20,275-35-r20,20,pneu 207 8 r15 Dyna S526,,goodyear,Eagle,,,,False,2025-08-24 17:17:03,{}
Pneu Pirelli Aro 20 P Zero New (PZ4) * 275/35R20 (102Y) XL,3199.9,https://www.pneustore.com.br/categorias/pneus-de-carro/pneus-275-35r20/produto/pneu-pirelli-aro-20-p-zero-new-%28pz4%29-275-35r20-%28102y%29-xl-16008359,pneustore,pirelli,20 zero,275/35R20,275-35-r20,20,pneu 207 8 r15 Dyna S526,,pirelli,20 Zero,,,,False,2025-08-24 17:17:04,{}
Pneu Bridgestone Aro 20 Potenza S001 * 275/35R20 102Y Run Flat XL,3699.9,https://www.pneustore.com.br/categorias/pneus-de-carro/pneus-275-35r20/produto/pneu-bridgestone-aro-20-potenza-s001-275-35r20-102y-run-flat-xl-10290048,pneustore,bridgestone,20 potenza,275/35R20,275-35-r20,20,pneu 207 8 r15 Dyna S526,,bridgestone,20 Potenza,,,,False,2025-08-24 17:17:05,{}
Pneu Goodyear Aro 20 Eagle F1 Asymmetric 2 275/35R20 102Y Run Flat,2899.9,https://www.pneustore.com.br/categorias/marcas/pneus-goodyear/produto/pneu-goodyear-aro-20-eagle-f1-asymmetric-2-275-35r20-102y-run-flat-16002686,pneustore,goodyear,eagle,275/35R20,275-35-r20,20,pneu 207 8 r15 Dyna S526,,goodyear,Eagle,,,,False,2025-08-24 17:17:06,{}
Pneu Goodyear Aro 20 Eagle F1 Asymmetric 3 275/35R20 98Y Run Flat,3259.9,https://www.pneustore.com.br/categorias/pneus-de-carro/pneus-275-35r20/produto/pneu-goodyear-aro-20-eagle-f1-asymmetric-3-275-35r20-98y-run-flat-10230143,pneustore,goodyear,eagle,275/35R20,275-35-r20,20,pneu 207 8 r15 Dyna S526,,goodyear,Eagle,,,,False,2025-08-24 17:17:07,{}
Pneu Kumho Aro 20 Ecsta PS91 245/35R20 95Y,1099.9,https://www.pneustore.com.br/categorias/pneus-de-carro/pneus-245-35r20/produto/pneu-kumho-aro-20-ecsta-ps91-245-35r20-95y-10031197,pneustore,kumho,20 ecsta,245/35R20,245-35-r20,20,pneu 207 8 r15 Dyna S526,,kumho,20 Ecsta,,,,False,2025-08-24 17:17:08,{}
Pneu Bridgestone Aro 20 Potenza Sport 245/35R20 91Y,2099.9,https://www.pneustore.com.br/categorias/pneus-de-carro/pneus-245-35r20/produto/pneu-bridgestone-aro-20-potenza-sport-245-35r20-91y-16014483,pneustore,bridgestone,20 potenza,245/35R20,245-35-r20,20,pneu 207 8 r15 Dyna S526,,bridgestone,20 Potenza,,,,False,2025-08-24 17:17:09,{}
Pneu Continental Aro 20 SportContact 6 245/35R20 (95Y) XL,2619.9,https://www.pneustore.com.br/categorias/pneus-de-carro/suv-caminhonete/produto/pneu-continental-aro-20-sportcontact-6-245-35r20-%2895y%29-xl-16000612,pneustore,continental,20 sportcontact,245/35R20,245-35-r20,20,pneu 207 8 r15 Dyna S526,,continental,20 Sportcontact,,,,False,2025-08-24 17:17:10,{}
Pneu Speedmax Prime Aro 20 Extra FRD88 245/35R20 95W,584.9,https://www.pneustore.com.br/categorias/pneus-de-carro/pneus-245-35r20/produto/pneu-speedmax-prime-aro-20-extra-frd88-245-35r20-95w-16005766,pneustore,,,245/35R20,245-35-r20,20,pneu 207 8 r15 Dyna S526,,,,,,,False,2025-08-24 17:17:11,{}
Pneu Bridgestone Aro 20 Potenza S007 245/35R20 95Y XL,1899.9,https://www.pneustore.com.br/categorias/pneus-de-carro/pneus-245-35r20/produto/pneu-bridgestone-aro-20-potenza-s007-245-35r20-95y-xl-16007117,pneustore,bridgestone,20 potenza,245/35R20,007-245-r35,20,pneu 207 8 r15 Dyna S526,,bridgestone,20 Potenza,,,,False,2025-08-24 17:17:12,{}
Pneu Goodyear Aro 20 Eagle F1 Asymmetric 3 245/35R20 95Y,1679.9,https://www.pneustore.com.br/categorias/marcas/pneus-goodyear/produto/pneu-goodyear-aro-20-eagle-f1-asymmetric-3-245-35r20-95y-16001422,pneustore,goodyear,eagle,245/35R20,245-35-r20,20,pneu 207 8 r15 Dyna S526,,goodyear,Eagle,,,,False,2025-08-24 17:17:13,{}
Pneu Continental Aro 20 SportContact 6 245/35R20 (95Y) Run Flat XL,3059.9,https://www.pneustore.com.br/categorias/pneus-de-carro/suv-caminhonete/produto/pneu-continental-aro-20-sportcontact-6-245-35r20-%2895y%29-run-flat-xl-16000613,pneustore,continental,20 sportcontact,245/35R20,245-35-r20,20,pneu 207 8 r15 Dyna S526,,continental,20 Sportcontact,,,,False,2025-08-24 17:17:15,{}
Pneu Continental Aro 15 EcoContact 6 185/60R15 88H XL,529.9,https://www.pneustore.com.br/categorias/pneus-de-carro/pneus-185-60r15/produto/pneu-continental-aro-15-ecocontact-6-185-60r15-88h-xl-16002845,pneustore,continental,15 ecocontact,185/60R15,185-60-r15,15,pneu 207 8 r15 Dyna S526,,continental,15 Ecocontact,,,,False,2025-08-24 17:17:30,{}
Pneu Bridgestone Aro 15 Ecopia EP150 185/60R15 88H XL,629.9,https://www.pneustore.com.br/categorias/pneus-de-carro/pneus-185-60r15/produto/pneu-bridgestone-aro-15-ecopia-ep150-185-60r15-88h-xl-16004949,pneustore,bridgestone,15 ecopia,185/60R15,150-185-r60,15,pneu 207 8 r15 Dyna S526,,bridgestone,15 Ecopia,,,,False,2025-08-24 17:17:32,{}
Pneu Ceat Aro 15 EcoDrive 185/60R15 88H XL TL,379.9,https://www.pneustore.com.br/categorias/pneus-de-carro/pneus-185-60r15/produto/pneu-ceat-aro-15-ecodrive-185-60r15-88h-xl-tl-16010986,pneustore,,,185/60R15,185-60-r15,15,pneu 207 8 r15 Dyna S526,,,,,,,False,2025-08-24 17:17:35,{}
Pneu Goodyear Aro 15 Eagle Sport 2 185/60R15 88H XL,509.9,https://www.pneustore.com.br/categorias/pneus-de-carro/pneus-185-60r15/produto/pneu-goodyear-aro-15-eagle-sport-2-185-60r15-88h-xl-16001785,pneustore,goodyear,eagle,185/60R15,185-60-r15,15,pneu 207 8 r15 Dyna S526,,goodyear,Eagle,,,,False,2025-08-24 17:17:37,{}
Pneu Pirelli Aro 15 Cinturato P1 (KA) 185/60R15 88H XL,539.9,https://www.pneustore.com.br/categorias/pneus-de-carro/pneus-185-60r15/produto/pneu-pirelli-aro-15-cinturato-p1-%28ka%29-185-60r15-88h-xl-16003064,pneustore,pirelli,15 cinturato,185/60R15,185-60-r15,15,pneu 207 8 r15 Dyna S526,,pirelli,15 Cinturato,,,,False,2025-08-24 17:17:38,{}
Pneu Barum by Continental Aro 15 Bravuris 5HM 185/60R15 88H XL,349.9,https://www.pneustore.com.br/categorias/pneus-de-carro/pneus-185-60r15/produto/pneu-barum-by-continental-aro-15-bravuris-5hm-185-60r15-88h-xl-16002383,pneustore,continental,15 bravuris,185/60R15,185-60-r15,15,pneu 207 8 r15 Dyna S526,,continental,15 Bravuris,,,,False,2025-08-24 17:17:46,{}
Pneu General Tire by Continental Aro 15 Altimax One 185/60R15 88H XL,379.9,https://www.pneustore.com.br/categorias/marcas/pneus-general-tire/produto/pneu-general-tire-by-continental-aro-15-altimax-one-185-60r15-88h-xl-16000882,pneustore,continental,15 altimax,185/60R15,185-60-r15,15,pneu 207 8 r15 Dyna S526,,continental,15 Altimax,,,,False,2025-08-24 17:17:50,{}
Pneu Speedmax Aro 18 HU901 235/55R18 104W,629.9,https://www.pneustore.com.br/categorias/pneus-de-carro/pneus-235-55r18/produto/pneu-speedmax-aro-18-hu901-235-55r18-104w-10041054,pneustore,,,235/55R18,901-235-r55,18,pneu 207 8 r15 Dyna S526,,,,,,,False,2025-08-24 17:18:12,{}
Pneu Speedmax Aro 18 W01 235/55R18 100T,859.9,https://www.pneustore.com.br/categorias/pneus-de-carro/pneus-235-55r18/produto/pneu-speedmax-aro-18-w01-235-55r18-100t-16001485,pneustore,,,235/55R18,235-55-r18,18,pneu 207 8 r15 Dyna S526,,,,,,,False,2025-08-24 17:18:13,{}
Pneu Atlas Aro 18 A51 235/55R18 100V,529.9,https://www.pneustore.com.br/categorias/pneus-de-carro/pneus-235-55r18/produto/pneu-atlas-aro-18-a51-235-55r18-100v-16007208,pneustore,,,235/55R18,235-55-r18,18,pneu 207 8 r15 Dyna S526,,,,,,,False,2025-08-24 17:18:15,{}
Pneu Itaro Aro 18 IT101 235/55R18 104V XL,539.9,https://www.pneustore.com.br/categorias/pneus-de-carro/pneus-235-55r18/produto/pneu-itaro-aro-18-it101-235-55r18-104v-xl-16001567,pneustore,,,235/55R18,101-235-r55,18,pneu 207 8 r15 Dyna S526,,,,,,,False,2025-08-24 17:18:16,{}
Pneu Bridgestone Aro 18 Alenza 001 235/55R18 100V,1169.9,https://www.pneustore.com.br/categorias/pneus-de-carro/pneus-235-55r18/produto/pneu-bridgestone-aro-18-alenza-001-235-55r18-100v-16007107,pneustore,bridgestone,18 alenza,235/55R18,001-235-r55,18,pneu 207 8 r15 Dyna S526,,bridgestone,18 Alenza,,,,False,2025-08-24 17:18:17,{}
Pneu Firestone Aro 18 Destination LE3 235/55R18 104V,999.9,https://www.pneustore.com.br/categorias/pneus-de-carro/pneus-235-55r18/produto/pneu-firestone-aro-18-destination-le3-235-55r18-104v-16010999,pneustore,firestone,18 destination,235/55R18,235-55-r18,18,pneu 207 8 r15 Dyna S526,,firestone,18 Destination,,,,False,2025-08-24 17:18:18,{}
Pneu Kumho Aro 18 Solus KL21 235/55R18 100H,799.9,https://www.pneustore.com.br/categorias/pneus-de-carro/pneus-235-55r18/produto/pneu-kumho-aro-18-solus-kl21-235-55r18-100h-10040573,pneustore,kumho,18 solus,235/55R18,235-55-r18,18,pneu 207 8 r15 Dyna S526,,kumho,18 Solus,,,,False,2025-08-24 17:18:19,{}
Pneu Kumho Aro 18 Solus TA51 235/55R18 100V,729.9,https://www.pneustore.com.br/categorias/pneus-de-carro/pneus-235-55r18/produto/pneu-kumho-aro-18-solus-ta51-235-55r18-100v-16011228,pneustore,kumho,18 solus,235/55R18,235-55-r18,18,pneu 207 8 r15 Dyna S526,,kumho,18 Solus,,,,False,2025-08-24 17:18:20,{}
Pneu Continental Aro 18 ContiSportContact 5 SUV 235/55R18 100V,1589.9,https://www.pneustore.com.br/categorias/pneus-de-carro/suv-caminhonete/produto/pneu-continental-aro-18-contisportcontact-5-suv-235-55r18-100v-10260148,pneustore,continental,18 contisportcontact,235/55R18,235-55-r18,18,pneu 207 8 r15 Dyna S526,,continental,18 Contisportcontact,,,,False,2025-08-24 17:18:21,{}
Pneu Bridgestone Aro 18 Alenza 001 AO 235/55R18 100V,1269.9,https://www.pneustore.com.br/categorias/pneus-de-carro/suv-caminhonete/produto/pneu-bridgestone-aro-18-alenza-001-ao-235-55r18-100v-16000731,pneustore,bridgestone,18 alenza,235/55R18,235-55-r18,18,pneu 207 8 r15 Dyna S526,,bridgestone,18 Alenza,,,,False,2025-08-24 17:18:22,{}
Pneu Pirelli Aro 18 Scorpion Seal Inside 235/55R18 100V,1549.9,https://www.pneustore.com.br/categorias/pneus-de-carro/passeio/produto/pneu-pirelli-aro-18-scorpion-seal-inside-235-55r18-100v-16001558,pneustore,pirelli,scorpion,235/55R18,235-55-r18,18,pneu 207 8 r15 Dyna S526,,pirelli,Scorpion,,,,False,2025-08-24 17:18:23,{}
Pneu Michelin Aro 18 Primacy 3 AO 235/55R18 104Y,1449.9,https://www.pneustore.com.br/categorias/pneus-de-carro/pneus-235-55r18/produto/pneu-michelin-aro-18-primacy-3-ao-235-55r18-104y-16002693,pneustore,michelin,18 primacy,235/55R18,235-55-r18,18,pneu 207 8 r15 Dyna S526,,michelin,18 Primacy,,,,False,2025-08-24 17:18:25,{}
Pneu Continental Aro 18 ContiSportContact 5 ContiSeal 235/55R18 100V,1689.9,https://www.pneustore.com.br/categorias/pneus-de-carro/pneus-235-55r18/produto/pneu-continental-aro-18-contisportcontact-5-contiseal-235-55r18-100v-16003033,pneustore,continental,18 contisportcontact,235/55R18,235-55-r18,18,pneu 207 8 r15 Dyna S526,,continental,18 Contisportcontact,,,,False,2025-08-24 17:18:25,{}
Pneu Goodyear Aro 18 EfficientGrip SUV 235/55R18 104V XL,1359.9,https://www.pneustore.com.br/categorias/pneus-de-carro/pneus-235-55r18/produto/pneu-goodyear-aro-18-efficientgrip-suv-235-55r18-104v-xl-10130208,pneustore,goodyear,efficientgrip,235/55R18,235-55-r18,18,pneu 207 8 r15 Dyna S526,,goodyear,Efficientgrip,,,,False,2025-08-24 17:18:50,{}
Pneu Pirelli Aro 18 Scorpion Verde Seal Inside 235/55R18 100V,1549.9,https://www.pneustore.com.br/categorias/pneus-de-carro/pneus-235-55r18/produto/pneu-pirelli-aro-18-scorpion-verde-seal-inside-235-55r18-100v-16001666,pneustore,pirelli,scorpion,235/55R18,235-55-r18,18,pneu 207 8 r15 Dyna S526,,pirelli,Scorpion,,,,False,2025-08-24 17:18:51,{}
Pneu Michelin Aro 18 Latitude Sport 3 VOL 235/55R18 104V,1569.9,https://www.pneustore.com.br/categorias/pneus-de-carro/pneus-235-55r18/produto/pneu-michelin-aro-18-latitude-sport-3-vol-235-55r18-104v-16002702,pneustore,michelin,18 latitude,235/55R18,235-55-r18,18,pneu 207 8 r15 Dyna S526,,michelin,18 Latitude,,,,False,2025-08-24 17:18:53,{}
Pneu Bridgestone Aro 18 Dueler H/L 33 235/55R18 100V,1069.9,https://www.pneustore.com.br/categorias/pneus-de-carro/pneus-235-55r18/produto/pneu-bridgestone-aro-18-dueler-h-l-33-235-55r18-100v-16007112,pneustore,bridgestone,18 dueler,235/55R18,235-55-r18,18,pneu 207 8 r15 Dyna S526,,bridgestone,18 Dueler,,,,False,2025-08-24 17:18:54,{}
Pneu Nexen Aro 18 N Fera Primus 235/55R18 104V XL,934.9,https://www.pneustore.com.br/categorias/pneus-de-carro/pneus-235-55r18/produto/pneu-nexen-aro-18-n-fera-primus-235-55r18-104v-xl-16007423,pneustore,nexen,18 n,235/55R18,235-55-r18,18,pneu 207 8 r15 Dyna S526,,nexen,18 N,,,,False,2025-08-24 17:18:55,{}
Pneu Barum by Continental Aro 18 Bravuris 4X4 235/55R18 100V,619.9,https://www.pneustore.com.br/categorias/pneus-de-carro/pneus-235-55r18/produto/pneu-barum-by-continental-aro-18-bravuris-4x4-235-55r18-100v-10120190,pneustore,continental,18 bravuris,235/55R18,235-55-r18,18,pneu 207 8 r15 Dyna S526,,continental,18 Bravuris,,,,False,2025-08-24 17:18:58,{}
Pneu Bridgestone Aro 18 Alenza 001 MOE 235/55R18 100W Run Flat,1509.9,https://www.pneustore.com.br/categorias/pneus-de-carro/suv-caminhonete/produto/pneu-bridgestone-aro-18-alenza-001-moe-235-55r18-100w-run-flat-16000732,pneustore,bridgestone,18 alenza,235/55R18,235-55-r18,18,pneu 207 8 r15 Dyna S526,,bridgestone,18 Alenza,,,,False,2025-08-24 17:18:59,{}
Pneu BFGoodrich Aro 18 Trail-Terrain T/A 235/55R18 104H XL,1639.9,https://www.pneustore.com.br/categorias/pneus-de-carro/pneus-235-55r18/produto/pneu-bfgoodrich-aro-18-trail-terrain-t-a-235-55r18-104h-xl-16004052,pneustore,bfgoodrich,18 trail-terrain,235/55R18,235-55-r18,18,pneu 207 8 r15 Dyna S526,,bfgoodrich,18 Trail-Terrain,,,,False,2025-08-24 17:19:01,{}
Pneu Pirelli Aro 18 P Zero New (PZ4) (VOL) 235/55R18 100V,1719.9,https://www.pneustore.com.br/categorias/pneus-de-carro/pneus-235-55r18/produto/pneu-pirelli-aro-18-p-zero-new-%28pz4%29-%28vol%29-235-55r18-100v-16010769,pneustore,pirelli,18 zero,235/55R18,235-55-r18,18,pneu 207 8 r15 Dyna S526,,pirelli,18 Zero,,,,False,2025-08-24 17:19:02,{}
Pneu Pirelli Aro 18 Scorpion Verde (MOE) 235/55R18 100W Run Flat,1759.9,https://www.pneustore.com.br/categorias/pneus-de-carro/pneus-235-55r18/produto/pneu-pirelli-aro-18-scorpion-verde-%28moe%29-235-55r18-100w-run-flat-16010777,pneustore,pirelli,scorpion,235/55R18,235-55-r18,18,pneu 207 8 r15 Dyna S526,,pirelli,Scorpion,,,,False,2025-08-24 17:19:03,{}
Pneu Pirelli Aro 18 Scorpion Verde All Season KS 235/55R18 104V XL,1399.9,https://www.pneustore.com.br/categorias/pneus-de-carro/pneus-235-55r18/produto/pneu-pirelli-aro-18-scorpion-verde-all-season-ks-235-55r18-104v-xl-16002666,pneustore,pirelli,scorpion,235/55R18,235-55-r18,18,pneu 207 8 r15 Dyna S526,,pirelli,Scorpion,,,,False,2025-08-24 17:19:04,{}
Pneu Aeolus Aro 16 HN267 7.50R16 14 Lonas 122/118M,1179.9,https://www.pneustore.com.br/categorias/pneus-de-caminh%C3%A3o-e-%C3%B4nibus/rodovi%C3%A1rio/produto/pneu-aeolus-aro-16-hn267-7-50r16-14-lonas-122-118m-9020021,pneustore,,,,,,pneu 207 8 r15 Dyna S526,,,,,,,False,2025-08-24 17:19:24,{}
Pneu JK Tyre Aro 16 FF99 7.50-16 TL 8 Lonas,669.9,https://www.pneustore.com.br/categorias/pneus-agr%C3%ADcolas/produto/pneu-jk-tyre-aro-16-ff99-7-50-16-tl-8-lonas-16000516,pneustore,,,,,,pneu 207 8 r15 Dyna S526,,,,,,,False,2025-08-24 17:19:25,{}
Pneu Speedmax Aro 16 CM958W 7.50R16 122/118L 14 Lonas Completo,1329.9,https://www.pneustore.com.br/categorias/pneus-de-caminh%C3%A3o-e-%C3%B4nibus/pneus-7-50r16-e-7-50-16/produto/pneu-speedmax-aro-16-cm958w-7-50r16-122-118l-14-lonas-completo-16010486,pneustore,,,,,,pneu 207 8 r15 Dyna S526,,,,,,,False,2025-08-24 17:19:27,{}
Pneu Speedmax Aro 16 Drive 7.50-16 124/121M TT 16 Lonas,849.9,https://www.pneustore.com.br/categorias/pneus-de-caminh%C3%A3o-e-%C3%B4nibus/pneus-7-50r16-e-7-50-16/produto/pneu-speedmax-aro-16-drive-7-50-16-124-121m-tt-16-lonas-16004676,pneustore,,,,,,pneu 207 8 r15 Dyna S526,,,,,,,False,2025-08-24 17:19:28,{}
Pneu Speedmax Aro 16 Steer 7.50-16 123/119M TT 14 Lonas,749.9,https://www.pneustore.com.br/categorias/pneus-de-caminh%C3%A3o-e-%C3%B4nibus/pneus-7-50r16-e-7-50-16/produto/pneu-speedmax-aro-16-steer-7-50-16-123-119m-tt-14-lonas-16004675,pneustore,,,,,,pneu 207 8 r15 Dyna S526,,,,,,,False,2025-08-24 17:19:29,{}
Pneu Advance Aro 16 GL283A 7.50R16 122/118L TL 14 Lonas Completo,1409.9,https://www.pneustore.com.br/categorias/pneus-de-caminh%C3%A3o-e-%C3%B4nibus/regional/produto/pneu-advance-aro-16-gl283a-7-50r16-122-118l-tl-14-lonas-completo--9020540,pneustore,,,,,,pneu 207 8 r15 Dyna S526,,,,,,,False,2025-08-24 17:19:30,{}
Pneu Itaro Aro 17 IT301 235/45R17 97W,389.9,https://www.pneustore.com.br/categorias/pneus-de-carro/passeio/produto/pneu-itaro-aro-17-it301-235-45r17-97w-16001763,pneustore,,,235/45R17,301-235-r45,17,pneu 207 8 r15 Dyna S526,,,,,,,False,2025-08-24 17:19:35,{}
Pneu Farroad Aro 17 FRD26 235/45R17 97W,379.9,https://www.pneustore.com.br/categorias/pneus-de-carro/alta-performance/produto/pneu-farroad-aro-17-frd26-235-45r17-97w-10030821,pneustore,,,235/45R17,235-45-r17,17,pneu 207 8 r15 Dyna S526,,,,,,,False,2025-08-24 17:19:36,{}
Pneu Aptany Aro 17 RA301 235/45R17 97W XL,379.9,https://www.pneustore.com.br/categorias/marcas/pneus-aptany/produto/pneu-aptany-aro-17-ra301-235-45r17-97w-xl-10031201,pneustore,,,235/45R17,301-235-r45,17,pneu 207 8 r15 Dyna S526,,,,,,,False,2025-08-24 17:19:37,{}
Pneu Continental Aro 17 ExtremeContact Sport 02 235/45R17 94W,1069.9,https://www.pneustore.com.br/categorias/pneus-de-carro/pneus-235-45r17/produto/pneu-continental-aro-17-extremecontact-sport-02-235-45r17-94w-16008879,pneustore,continental,17 extremecontact,235/45R17,235-45-r17,17,pneu 207 8 r15 Dyna S526,,continental,17 Extremecontact,,,,False,2025-08-24 17:19:40,{}
Pneu Itaro Aro 17 Suzuka 235/45R17 94W Semi Slick,459.9,https://www.pneustore.com.br/categorias/pneus-de-carro/pneus-235-45r17/produto/pneu-itaro-aro-17-suzuka-235-45r17-94w-semi-slick-16008787,pneustore,,,235/45R17,235-45-r17,17,pneu 207 8 r15 Dyna S526,,,,,,,False,2025-08-24 17:19:41,{}
Pneu Speedmax Aro 17 Racemax 235/45R17 94W Semi Slick,739.9,https://www.pneustore.com.br/categorias/pneus-de-carro/pneus-235-45r17/produto/pneu-speedmax-aro-17-racemax-235-45r17-94w-semi-slick-16008795,pneustore,,,235/45R17,235-45-r17,17,pneu 207 8 r15 Dyna S526,,,,,,,False,2025-08-24 17:19:42,{}
Pneu Speedmax Aro 14 MH01 185/65R14 86H,319.9,https://www.pneustore.com.br/categorias/pneus-de-carro/pneus-185-65r14/produto/pneu-speedmax-aro-14-mh01-185-65r14-86h-16007321,pneustore,,,185/65R14,185-65-r14,14,pneu 207 8 r15 Dyna S526,,,,,,,False,2025-08-24 17:20:01,{}
Pneu Kumho Aro 14 ES31 185/65R14 86T,339.9,https://www.pneustore.com.br/categorias/pneus-de-carro/pneus-185-65r14/produto/pneu-kumho-aro-14-es31-185-65r14-86t-16008462,pneustore,kumho,14 es31,185/65R14,185-65-r14,14,pneu 207 8 r15 Dyna S526,,kumho,14 Es31,,,,False,2025-08-24 17:20:02,{}
Pneu DRC Aro 14 D669 185/65R14 86T,289.9,https://www.pneustore.com.br/categorias/pneus-de-carro/pneus-185-65r14/produto/pneu-drc-aro-14-d669-185-65r14-86t-16008864,pneustore,,,185/65R14,669-185-r65,14,pneu 207 8 r15 Dyna S526,,,,,,,False,2025-08-24 17:20:03,{}
Pneu DRC Aro 14 D668 185/65R14 86T,299.9,https://www.pneustore.com.br/categorias/pneus-de-carro/pneus-185-65r14/produto/pneu-drc-aro-14-d668-185-65r14-86t-16009854,pneustore,,,185/65R14,668-185-r65,14,pneu 207 8 r15 Dyna S526,,,,,,,False,2025-08-24 17:20:04,{}
Pneu Continental Aro 14 UltraContact 185/65R14 86H,464.9,https://www.pneustore.com.br/categorias/pneus-de-carro/pneus-185-65r14/produto/pneu-continental-aro-14-ultracontact-185-65r14-86h-16010574,pneustore,continental,14 ultracontact,185/65R14,185-65-r14,14,pneu 207 8 r15 Dyna S526,,continental,14 Ultracontact,,,,False,2025-08-24 17:20:05,{}
Pneu Itaro Aro 14 MH01 185/65R14 86H,289.9,https://www.pneustore.com.br/categorias/pneus-de-carro/pneus-185-65r14/produto/pneu-itaro-aro-14-mh01-185-65r14-86h-16009463,pneustore,,,185/65R14,185-65-r14,14,pneu 207 8 r15 Dyna S526,,,,,,,False,2025-08-24 17:20:06,{}
Pneu Ceat Aro 14 EcoDrive 185/65R14 86H,329.9,https://www.pneustore.com.br/categorias/pneus-de-carro/pneus-185-65r14/produto/pneu-ceat-aro-14-ecodrive-185-65r14-86h-10010940,pneustore,,,185/65R14,185-65-r14,14,pneu 207 8 r15 Dyna S526,,,,,,,False,2025-08-24 17:20:08,{}
Pneu Iris Aro 14 Ecoris 185/65R14 86H,289.9,https://www.pneustore.com.br/categorias/pneus-de-carro/pneus-185-65r14/produto/pneu-iris-aro-14-ecoris-185-65r14-86h-10010986,pneustore,,,185/65R14,185-65-r14,14,pneu 207 8 r15 Dyna S526,,,,,,,False,2025-08-24 17:20:08,{}
Pneu Goodyear Aro 14 Assurance Maxlife 185/65R14 86H,499.9,https://www.pneustore.com.br/categorias/pneus-de-carro/pneus-185-65r14/produto/pneu-goodyear-aro-14-assurance-maxlife-185-65r14-86h-10130227,pneustore,goodyear,assurance maxlife,185/65R14,185-65-r14,14,pneu 207 8 r15 Dyna S526,,goodyear,Assurance Maxlife,,,,False,2025-08-24 17:20:09,{}
Pneu Speedmax Aro 14 ST Max 185/65R14 85T,349.9,https://www.pneustore.com.br/categorias/pneus-de-carro/pneus-185-65r14/produto/pneu-speedmax-aro-14-st-max-185-65r14-85t-16006333,pneustore,,,185/65R14,185-65-r14,14,pneu 207 8 r15 Dyna S526,,,,,,,False,2025-08-24 17:20:11,{}
Pneu Kumho Aro 14 Sense KR26 185/65R14 86H,324.9,https://www.pneustore.com.br/categorias/pneus-de-carro/pneus-185-65r14/produto/pneu-kumho-aro-14-sense-kr26-185-65r14-86h-10010403,pneustore,kumho,14 sense,185/65R14,185-65-r14,14,pneu 207 8 r15 Dyna S526,,kumho,14 Sense,,,,False,2025-08-24 17:20:12,{}
Pneu Firestone Aro 14 F-600 185/65R14 86T,419.9,https://www.pneustore.com.br/categorias/pneus-de-carro/pneus-185-65r14/produto/pneu-firestone-aro-14-f-600-185-65r14-86t-10100088,pneustore,firestone,14 f-600,185/65R14,600-185-r65,14,pneu 207 8 r15 Dyna S526,,firestone,14 F-600,,,,False,2025-08-24 17:20:13,{}
Pneu Continental Aro 14 PowerContact 2 185/65R14 86T,454.9,https://www.pneustore.com.br/categorias/pneus-de-carro/pneus-185-65r14/produto/pneu-continental-aro-14-powercontact-2-185-65r14-86t-10120121,pneustore,continental,powercontact,185/65R14,185-65-r14,14,pneu 207 8 r15 Dyna S526,,continental,Powercontact,,,,False,2025-08-24 17:20:14,{}
Pneu Pirelli Aro 14 P400 Evo (KS) 185/65R14 86T,429.9,https://www.pneustore.com.br/categorias/pneus-de-carro/pneus-185-65r14/produto/pneu-pirelli-aro-14-p400-evo-%28ks%29-185-65r14-86t-16008351,pneustore,pirelli,p400,185/65R14,185-65-r14,14,pneu 207 8 r15 Dyna S526,,pirelli,P400,,,,False,2025-08-24 17:20:38,{}
Pneu Barum by Continental Aro 14 Bravuris 5HM 185/65R14 86H,329.9,https://www.pneustore.com.br/categorias/pneus-de-carro/pneus-185-65r14/produto/pneu-barum-by-continental-aro-14-bravuris-5hm-185-65r14-86h-16000819,pneustore,continental,14 bravuris,185/65R14,185-65-r14,14,pneu 207 8 r15 Dyna S526,,continental,14 Bravuris,,,,False,2025-08-24 17:20:42,{}
Pneu Formula by Pirelli Aro 14 Formula Energy (KS) 185/65R14 86T,349.9,https://www.pneustore.com.br/categorias/pneus-de-carro/pneus-185-65r14/produto/pneu-formula-by-pirelli-aro-14-formula-energy-%28ks%29-185-65r14-86t-16000441,pneustore,pirelli,14 formula,185/65R14,185-65-r14,14,pneu 207 8 r15 Dyna S526,,pirelli,14 Formula,,,,False,2025-08-24 17:20:49,{}
Pneu Kelly By Goodyear Aro 14 Edge Touring 2 185/65R14 86H,409.9,https://www.pneustore.com.br/categorias/pneus-de-carro/pneus-185-65r14/produto/pneu-kelly-by-goodyear-aro-14-edge-touring-2-185-65r14-86h-16009116,pneustore,goodyear,14 edge,185/65R14,185-65-r14,14,pneu 207 8 r15 Dyna S526,,goodyear,14 Edge,,,,False,2025-08-24 17:20:50,{}
Pneu Speedmax Aro 17 HU901 205/45R17 88W,384.9,https://www.pneustore.com.br/categorias/pneus-de-carro/pneus-205-45r17/produto/pneu-speedmax-aro-17-hu901-205-45r17-88w-10031350,pneustore,,,205/45R17,901-205-r45,17,pneu 207 8 r15 Dyna S526,,,,,,,False,2025-08-24 17:20:55,{}
Pneu Itaro Aro 17 IT301 205/45R17 88W XL,339.9,https://www.pneustore.com.br/categorias/pneus-de-carro/pneus-205-45r17/produto/pneu-itaro-aro-17-it301-205-45r17-88w-xl-16000038,pneustore,,,205/45R17,301-205-r45,17,pneu 207 8 r15 Dyna S526,,,,,,,False,2025-08-24 17:21:10,{}
Pneu Speedmax Prime Aro 17 FRD26 205/45R17 88W,394.9,https://www.pneustore.com.br/categorias/pneus-de-carro/pneus-205-45r17/produto/pneu-speedmax-prime-aro-17-frd26-205-45r17-88w-16005732,pneustore,,,205/45R17,205-45-r17,17,pneu 207 8 r15 Dyna S526,,,,,,,False,2025-08-24 17:21:11,{}
Pneu Firemax Aro 17 FM601 205/45R17 88W XL,339.9,https://www.pneustore.com.br/categorias/pneus-de-carro/pneus-205-45r17/produto/pneu-firemax-aro-17-fm601-205-45r17-88w-xl-16008949,pneustore,,,205/45R17,601-205-r45,17,pneu 207 8 r15 Dyna S526,,,,,,,False,2025-08-24 17:21:13,{}
Pneu Pirelli Aro 17 P Zero (*) 205/45R17 88Y,1099.9,https://www.pneustore.com.br/categorias/pneus-de-carro/pneus-205-45r17/produto/pneu-pirelli-aro-17-p-zero-%28-%29-205-45r17-88y--10140101,pneustore,pirelli,17 zero,205/45R17,205-45-r17,17,pneu 207 8 r15 Dyna S526,,pirelli,17 Zero,,,,False,2025-08-24 17:21:14,{}
Pneu Farroad Aro 17 FRD26 205/45R17 88W XL,339.9,https://www.pneustore.com.br/categorias/pneus-de-carro/pneus-205-45r17/produto/pneu-farroad-aro-17-frd26-205-45r17-88w-xl-10030834,pneustore,,,205/45R17,205-45-r17,17,pneu 207 8 r15 Dyna S526,,,,,,,False,2025-08-24 17:21:15,{}
Pneu Bridgestone Aro 17 Potenza RE050A* 205/45R17 88V XL,1089.9,https://www.pneustore.com.br/categorias/pneus-de-carro/pneus-205-45r17/produto/pneu-bridgestone-aro-17-potenza-re050a-205-45r17-88v-xl-16000573,pneustore,bridgestone,17 potenza,205/45R17,205-45-r17,17,pneu 207 8 r15 Dyna S526,,bridgestone,17 Potenza,,,,False,2025-08-24 17:21:16,{}
Pneu Itaro Aro 17 IT302 205/45R17 84W Run Flat,599.9,https://www.pneustore.com.br/categorias/pneus-de-carro/pneus-205-45r17/produto/pneu-itaro-aro-17-it302-205-45r17-84w-run-flat-16001520,pneustore,,,205/45R17,302-205-r45,17,pneu 207 8 r15 Dyna S526,,,,,,,False,2025-08-24 17:21:17,{}
Pneu Speedmax Aro 17 SPM302 205/45R17 84W Run Flat,639.9,https://www.pneustore.com.br/categorias/pneus-de-carro/pneus-205-45r17/produto/pneu-speedmax-aro-17-spm302-205-45r17-84w-run-flat-16001526,pneustore,,,205/45R17,302-205-r45,17,pneu 207 8 r15 Dyna S526,,,,,,,False,2025-08-24 17:21:18,{}
Pneu Atlas Aro 17 Sport Green 205/45R17 88W XL,329.9,https://www.pneustore.com.br/categorias/pneus-de-carro/passeio/produto/pneu-atlas-aro-17-sport-green-205-45r17-88w-xl-16001654,pneustore,,,205/45R17,205-45-r17,17,pneu 207 8 r15 Dyna S526,,,,,,,False,2025-08-24 17:21:19,{}
Pneu Speedmax Aro 17 Controlmax CP11 205/45R17 88W XL,394.9,https://www.pneustore.com.br/categorias/pneus-de-carro/pneus-205-45r17/produto/pneu-speedmax-aro-17-controlmax-cp11-205-45r17-88w-xl-16009165,pneustore,,,205/45R17,205-45-r17,17,pneu 207 8 r15 Dyna S526,,,,,,,False,2025-08-24 17:21:22,{}
Pneu Pirelli Aro 17 Cinturato P7 205/45R17 88V XL,799.9,https://www.pneustore.com.br/categorias/pneus-de-carro/alta-performance/produto/pneu-pirelli-aro-17-cinturato-p7-205-45r17-88v-xl--10070343,pneustore,pirelli,cinturato p7,205/45R17,205-45-r17,17,pneu 207 8 r15 Dyna S526,,pirelli,Cinturato P7,,,,False,2025-08-24 17:21:24,{}
Pneu Michelin Aro 17 Primacy 3 * 205/45R17 88W XL,969.9,https://www.pneustore.com.br/categorias/pneus-de-carro/pneus-205-45r17/produto/pneu-michelin-aro-17-primacy-3-205-45r17-88w-xl-10190305,pneustore,michelin,17 primacy,205/45R17,205-45-r17,17,pneu 207 8 r15 Dyna S526,,michelin,17 Primacy,,,,False,2025-08-24 17:21:25,{}
Pneu Kumho Aro 17 Ecsta PS71 205/45R17 84V Run Flat,799.9,https://www.pneustore.com.br/categorias/pneus-de-carro/pneus-205-45r17/produto/pneu-kumho-aro-17-ecsta-ps71-205-45r17-84v-run-flat-10031413,pneustore,kumho,17 ecsta,205/45R17,205-45-r17,17,pneu 207 8 r15 Dyna S526,,kumho,17 Ecsta,,,,False,2025-08-24 17:21:26,{}
Pneu Michelin Aro 17 Primacy 3 205/45R17 88W Run Flat,2099.9,https://www.pneustore.com.br/categorias/pneus-de-carro/pneus-205-45r17/produto/pneu-michelin-aro-17-primacy-3-205-45r17-88w-run-flat-16002750,pneustore,michelin,17 primacy,205/45R17,205-45-r17,17,pneu 207 8 r15 Dyna S526,,michelin,17 Primacy,,,,False,2025-08-24 17:21:28,{}
Pneu Michelin Aro 17 Pilot Sport 5 205/45R17 (88Y) XL,1239.9,https://www.pneustore.com.br/categorias/pneus-de-carro/pneus-205-45r17/produto/pneu-michelin-aro-17-pilot-sport-5-205-45r17-%2888y%29-xl-16010782,pneustore,michelin,17 pilot,205/45R17,205-45-r17,17,pneu 207 8 r15 Dyna S526,,michelin,17 Pilot,,,,False,2025-08-24 17:21:47,{}
Pneu Pirelli Aro 17 P Zero 205/45R17 84V Run Flat,1574.9,https://www.pneustore.com.br/categorias/pneus-de-carro/alta-performance/produto/pneu-pirelli-aro-17-p-zero-205-45r17-84v-run-flat--10070143,pneustore,pirelli,17 zero,205/45R17,205-45-r17,17,pneu 207 8 r15 Dyna S526,,pirelli,17 Zero,,,,False,2025-08-24 17:21:48,{}
Pneu Continental Aro 17 ContiSportContact 3 * 205/45R17 84W Run Flat,1449.9,https://www.pneustore.com.br/categorias/pneus-de-carro/pneus-205-45r17/produto/pneu-continental-aro-17-contisportcontact-3-205-45r17-84w-run-flat-10260083,pneustore,continental,17 contisportcontact,205/45R17,205-45-r17,17,pneu 207 8 r15 Dyna S526,,continental,17 Contisportcontact,,,,False,2025-08-24 17:21:49,{}
Pneu Pirelli Aro 17 Cinturato P7 * 205/45R17 88W XL Run Flat,1559.9,https://www.pneustore.com.br/categorias/pneus-de-carro/pneus-205-45r17/produto/pneu-pirelli-aro-17-cinturato-p7-205-45r17-88w-xl-run-flat-16004077,pneustore,pirelli,cinturato p7,205/45R17,205-45-r17,17,pneu 207 8 r15 Dyna S526,,pirelli,Cinturato P7,,,,False,2025-08-24 17:21:53,{}
Pneu Speedmax Aro 17.5 SPM01 215/75R17.5 135/133J 16 Lonas,749.9,https://www.pneustore.com.br/categorias/pneus-de-caminh%C3%A3o-e-%C3%B4nibus/pneus-215-75r17-5/produto/pneu-speedmax-aro-17-5-spm01-215-75r17-5-135-133j-16-lonas-16001058,pneustore,,,215/75R17,215-75-r17,17,pneu 207 8 r15 Dyna S526,,,,,,,False,2025-08-24 17:21:59,{}
Pneu Speedmax Aro 17.5 SPM01T 215/75R17.5 135/133J 16 Lonas,789.9,https://www.pneustore.com.br/categorias/pneus-de-caminh%C3%A3o-e-%C3%B4nibus/pneus-215-75r17-5/produto/pneu-speedmax-aro-17-5-spm01t-215-75r17-5-135-133j-16-lonas-16001712,pneustore,,,215/75R17,215-75-r17,17,pneu 207 8 r15 Dyna S526,,,,,,,False,2025-08-24 17:21:59,{}
Pneu Speedmax Aro 17.5 MD738 215/75R17.5 135/133J 16 Lonas,859.9,https://www.pneustore.com.br/categorias/pneus-de-caminh%C3%A3o-e-%C3%B4nibus/pneus-215-75r17-5/produto/pneu-speedmax-aro-17-5-md738-215-75r17-5-135-133j-16-lonas-16010482,pneustore,,,215/75R17,738-215-r75,17,pneu 207 8 r15 Dyna S526,,,,,,,False,2025-08-24 17:22:01,{}
